Category,Service,Price,Unit / notes,What it includes,Policy
Admissions,Personal Statement Platinum,$500,,"Phone and email access to a personal statement specialist; brainstorming and outline call; unlimited* rounds of critique and editing; sentence-level review; red-flag review; final polish.","We do not write the personal statement. We help with ideas, outline, and revision of a draft."
Admissions,Personal Statement Gold,$300,,"Specialist phone and email access; brainstorming and outline; 2 rounds of critique, revision, and editing.","We do not write the personal statement. We help with ideas, outline, and revision of a draft."
Admissions,Personal Statement Express Overview,$167,48-hour turnaround,"Email access; one pass of paragraph-level comments; personal statement rating out of 10.","Single review only — not a full editing package. We do not write the statement."
Admissions,Secondary Application,$267,Per school,"Phone and email access; first round of critique; second round of critique and editing; final polish. School-specific.","We do not write secondaries. We help with ideas, outline, and revision of drafted answers."
Admissions,CV / Resume Review,$100,,"Email review of a pre-dental CV or resume; formatting and bullet feedback; red-flag check; one round of written comments.","We do not write the CV from scratch. Student provides a draft."
Admissions,Experience Review,$297,Up to 10 experiences,"Phone and email access; red-flag removal; two rounds of critique and editing; final polish.","We do not write experiences. We help with ideas, outline, and revision of drafted entries."
Admissions,Application Critique,$847,,"Email and phone access; review of AADSAS essay prompts (disadvantaged, childhood residency, educational interruption, reapplicant, manual dexterity); personal statement; up to 10 experiences; up to 10 secondary prompts; red flags and weaknesses; customized suggestions; application rating out of 10; 1-hour call.","Review only — no editing or rewrites. Not a substitute for PS, experience, or secondary packages."
Admissions,Interview Coaching Package,$347,Extra hours billed separately,"Phone and email access; 30-minute interview protocol overview; 2 hours of 1-on-1 mock interview video sessions with critique; MMI, traditional, panel, and group formats; school-focused option; common-questions practice sheet; help formulating answers."
Admissions,School Selection,$247,,"30-minute 1-on-1 video or phone session to build a realistic school list and discuss fit, pros, and cons."
Admissions,General Consulting (15 min),$87,15-minute call,"Phone call with an admissions consultant: DAT, application process, dental school, or related questions."
Admissions,General Consulting (30 min),$147,30-minute call,"Phone call with an admissions consultant: DAT, application process, dental school, or related questions."
Admissions,Complete Application Package,$2397,About 10% off vs buying separately; Best Value,"Personal Statement Platinum; Secondary Application x3; Experience Review; School Selection; Interview Coaching; admissions advising through the application cycle."
DAT tutoring,DAT Private Tutoring — 10 hours,$1999,Was $2199; 99th-percentile tutors,"10 hours of 1-on-1 private tutoring; personalized study sessions; study-schedule review."
DAT tutoring,DAT Private Tutoring — 16 hours,$2999,Was $3399; most popular,"16 hours of 1-on-1 private tutoring; personalized study sessions; study-schedule review."
DAT tutoring,DAT Private Tutoring — 20 hours,$3699,Was $4299,"20 hours of 1-on-1 private tutoring; personalized study sessions; study-schedule review."
Hourly,1-on-1 hourly,$20,Per hour,"1-on-1 session billed by the hour (extra interview time, extra DAT hours outside a package, or other 1-on-1 work as assigned)."
